Column 3,Address
Mayor ' s,1 Police Plz NY NY
NY Mayor ' s,253 Broadway NY NY
New York City Mayor, 51 Chambers St NY NY
Mayor ' s,22 1st St NY NY
Mayor ' s,2207 Lawrence Rd NY NY
Mayor ' s,55 Liberty St NY NY
Mayor ' s,990 Broad St NY NY
North Bergen Mayor ' s,4233 Kennedy Blvd NY NY
Paterson City Mayor ' s,155 Market St NY NY
East Orange Mayor ' s,44 City Hall Plz NY NY
Perth Amboy Mayor ' s,260 High St NY NY
Mayor ' s,110 William St NY NY
City of NY Mayor ' s,250 Broadway NY NY
Jersey City Mayor ' s,280 Grove St NY NY